guild,functional_group,guild_no,An_g_no_sp,An_ntp,An_mean_size,An_N,An_sd,An.lc.mean,C_g_no_sp,C_ntp,C_mean_size,C_N,C_sd,C.lc.mean,B_g_no_sp,B_ntp,B_mean_size,B_N,B_sd,B.lc.mean,Ap_g_no_sp,Ap_ntp,Ap_mean_size,Ap_N,Ap_sd,Ap.lc.mean,An.C,C.B,B.Ap
Detritus,Detritus,1,1,1,NA,NA,NA,0,1,1,NA,NA,NA,0,1,1,NA,NA,NA,0,1,1,NA,NA,NA,0,persist,persist,persist
Dinoflagellates,Dinoflagellates,2,1,1,NA,NA,NA,0,1,1,NA,NA,NA,0,5,1,NA,NA,NA,0,5,1,NA,NA,NA,0,persist,persist,persist
Bacteria,Bacteria,3,3,1,NA,NA,NA,0,12,1,NA,NA,NA,0,1,1,NA,NA,NA,0,9,1,NA,NA,NA,0,persist,persist,persist
Nannoplankton,Nannoplankton,4,1,2,NA,NA,NA,1,1,2,NA,NA,NA,1,1,2,NA,NA,NA,1,7,2,NA,NA,NA,1,persist,persist,persist
Macroalgae,Macroalgae,5,32,1,NA,NA,NA,0,16,1,NA,NA,NA,0,4,1,NA,NA,NA,0,49,1,NA,NA,NA,0,persist,persist,persist
Omnivorous Benthic Microzooplankton,Omnivorous Benthic Microzooplankton,6,36,2.7129848,NA,NA,NA,2.35027777777778,53,2.459410906,NA,NA,NA,2.62025316455696,15,3.630859613,NA,NA,NA,2.62025316455696,51,2.71914968223411,NA,NA,NA,2.25430778371955,persist,persist,persist
Omnivorous Planktonic Microzooplankton,Omnivorous Planktonic Microzooplankton,7,108,2.050745249,NA,NA,NA,1,130,2.015028715,NA,NA,NA,1,224,2.01914072,NA,NA,NA,1,105,2.04444041348725,NA,NA,NA,1,persist,persist,persist
Herbivorous Microzooplankton,Herbivorous Microzooplankton,8,11,2,NA,NA,NA,1,16,2,NA,NA,NA,1,1,2,NA,NA,NA,1,6,2,NA,NA,NA,1,persist,persist,persist
Deposit Feeding Microzooplankton,Deposit Feeding Microzooplankton,9,27,2,NA,NA,NA,1,60,2,NA,NA,NA,1,41,2,NA,NA,NA,1,66,2,NA,NA,NA,1,persist,persist,persist
Epibenthic sponges,Epibenthic sponges,10,30,2.037904739,NA,NA,NA,1,145,2.013483047,NA,NA,NA,1,24,2.014965773,NA,NA,NA,1,123,2.03927357302291,NA,NA,NA,1,persist,persist,persist
Endolithic sponges,Endolithic sponges,11,1,2.037023783,NA,NA,NA,1,2,2.016396046,NA,NA,NA,NA,0,NA,NA,NA,NA,NA,0,,NA,NA,NA,NA,persist,extinct,
Photosymbiotic suspension feeders,Photosymbiotic suspension feeders,12,26,2.782770157,NA,NA,NA,1.84884615384615,111,2.811552286,NA,NA,NA,1.67938269464193,146,2.65932703,NA,NA,NA,1.67938269464193,401,2.58436709030706,NA,NA,NA,1.63097307236958,persist,persist,persist
Detritivores/Suspension Feeders I Epifaunal small,Detritivores/Suspension Feeders I Epifaunal small,13,8,2.749839544,NA,NA,NA,2.0125,7,2.571254253,NA,NA,NA,NA,0,NA,NA,NA,NA,NA,2,2.57754874191919,NA,NA,NA,1.58080808080808,persist,extinct,new
Detritivores/Suspension Feeders II Infaunal small,Detritivores/Suspension Feeders II Infaunal small,14,6,2.697515488,NA,NA,NA,2.08333333333333,0,NA,NA,NA,NA,NA,0,NA,NA,NA,NA,NA,0,NA,NA,NA,NA,NA,extinct,,
Detritivores/Suspension Feeders III Planktonic,Detritivores/Suspension Feeders III Planktonic,15,7,2.556074381,NA,NA,NA,1,0,NA,NA,NA,NA,NA,0,NA,NA,NA,NA,NA,0,NA,NA,NA,NA,NA,extinct,,
Detritivores/Suspension Feeders IV Epifaunal medium,Detritivores/Suspension Feeders IV Epifaunal medium,16,9,2.760322571,NA,NA,NA,2.04444444444444,1,2.460494757,NA,NA,NA,1.72784810126582,6,3.032720804,NA,NA,NA,1.72784810126582,0,NA,NA,NA,NA,NA,persist,persist,extinct
Detritivores/Suspension Feeders V Infaunal medium(1),Detritivores/Suspension Feeders V Infaunal medium,17,2,2,12.445,2,7.417550135,1,0,NA,NA,NA,NA,NA,5,2,17.74,5,2.188686821,1,0,NA,NA,NA,NA,NA,extinct,new,extinct
Deposit Feeders/Grazers I Small Epifaunal,Deposit Feeders/Grazers I Small Epifaunal,18,59,2.068502903,NA,NA,NA,1.15966101694915,27,2.176972628,NA,NA,NA,1.52056962025316,8,2.605329275,0.8675,4,0.222467226,1.52056962025316,13,2.04974178422688,NA,NA,NA,1.07770007770008,persist,persist,persist
Deposit Feeders/Grazers II Small Epifaunal,Deposit Feeders/Grazers II Small Epifaunal,19,1,2.102942944,NA,NA,NA,1.26,5,2.184121609,NA,NA,NA,1.50632911392405,1,2.672543287,NA,NA,NA,1.50632911392405,0,NA,NA,NA,NA,NA,persist,persist,extinct
Deposit Feeders/Grazers III Mobile Infaunal(1),Deposit Feeders/Grazers III Mobile Infaunal,20,4,2,13.5075,4,3.38687048,1,0,NA,NA,NA,NA,NA,1,2,NA,NA,NA,1,0,NA,NA,NA,NA,NA,extinct,new,extinct
Chemosymbiotic (Infaunal)(2),Chemosymbiotic (Infaunal),21,4,2,26.9625,4,2.955,1,8,2,NA,NA,NA,NA,0,NA,26.75,8,2.314550249,NA,0,NA,NA,NA,NA,NA,persist,extinct,
Benthic Omnivore/Grazers I(1),Benthic Omnivore/Grazers I,22,5,2.131668091,12.228,5,3.763598013,1.334,86,2.238130093,10.8255814,86,3.77979726,2.13145082765336,13,3.03783679,14.89923077,13,4.262766046,2.13145082765336,7,2.09584593015873,12.3728571428571,7,2.91038779939326,1.18614718614719,persist,persist,persist
Benthic Omnivore/Grazers II,Benthic Omnivore/Grazers II,23,23,2.159156322,NA,NA,NA,1.37826086956522,91,2.296083927,NA,NA,NA,2.20453031312458,19,3.156670094,56.00285714,14,33.73043488,2.20453031312458,41,2.11565101069229,NA,NA,NA,1.23651145602365,persist,persist,persist
Benthic Omnivore/Grazers III,Benthic Omnivore/Grazers III,24,1,2.209723949,NA,NA,NA,1.45,4,2.241212606,NA,NA,NA,2.30379746835443,2,3.172421217,NA,NA,NA,2.30379746835443,1,2.05145592323232,NA,NA,NA,1.11111111111111,persist,persist,persist
Suspension Feeders I Stationary Epifaunal,Suspension Feeders I Stationary Epifaunal,25,8,2.119541645,NA,NA,NA,1.27375,22,2.166131735,NA,NA,NA,1.12721518987342,20,2.018173695,NA,NA,NA,1.12721518987342,57,2.15019740953394,NA,NA,NA,1.25110756689704,persist,persist,persist
Suspension Feeders II Brachiopods,Suspension Feeders II Brachiopods,26,97,2.11776638,NA,NA,NA,1.27134020618557,166,2.16699791,NA,NA,NA,1.13176400917907,171,2.018823385,21.53100592,169,7.879353645,1.13176400917907,84,2.14593997008177,NA,NA,NA,1.24374699374699,persist,persist,persist
Suspension Feeders III Stationary Epifaunal(1),Suspension Feeders III Stationary Epifaunal,27,4,2.120583296,12.305,4,0.144337567,1.29,6,2.156327724,11.16666667,6,4.535048695,1.13924050632911,10,2.0198915,16.4185714,7,3.63426943,1.13924050632911,4,2.15309782550505,17,4,0,1.25,persist,persist,persist
Suspension Feeders IV Upper level,Suspension Feeders IV Upper level,28,23,2.112347841,NA,NA,NA,1.25347826086957,41,2.163569689,NA,NA,NA,1.11392405063291,4,2.016274929,NA,NA,NA,1.11392405063291,2,2.16205481717172,NA,NA,NA,1.26262626262626,persist,persist,persist
Suspension Feeder V Mobile Infaunal(1),Suspension Feeder V Mobile Infaunal,29,8,2.117500067,13.06692308,13,5.061726294,1.27125,11,2.169157743,12.5454545,11,4.63386742,1.10126582278481,1,2.014466524,14.155,2,4.730544366,1.10126582278481,0,NA,NA,NA,NA,NA,persist,persist,extinct
Suspension Feeders VI Mobile Epifaunal(1),Suspension Feeders VI Mobile Epifaunal,30,5,2.133399963,NA,NA,NA,1.306,9,2.153701305,15.55555556,9,9.709674442,1.15189873417722,1,2.021699905,NA,NA,NA,1.15189873417722,0,NA,NA,NA,NA,NA,persist,persist,extinct
Suspension Feeders VII Epibiont SemiInfaunal(3),Suspension Feeders VII Epibiont SemiInfaunal,31,14,2.126452446,54.92,14,0,1.28714285714286,6,2.167413712,55,6,0,1.13361462728551,9,2.019087791,45.05111111,9,6.345448062,1.13361462728551,2,2.16214743737374,40.76,2,0,1.24747474747475,persist,persist,persist
Suspension Feeders VIII Epibiont Polychaetes,Suspension Feeders VIII Epibiont Polychaetes,32,4,2.116666555,NA,NA,NA,1.2675,0,NA,NA,NA,NA,NA,11,2.0198915,NA,NA,NA,1.13924050632911,6,2.15837550639731,NA,NA,NA,1.26430976430976,extinct,new,persist
Suspension Feeder IX Epibiont Epifaunal(1),Suspension Feeder IX Epibiont Epifaunal,33,0,NA,NA,NA,NA,NA,0,NA,NA,NA,NA,NA,0,NA,NA,NA,NA,NA,1,2.13230752929293,NA,NA,NA,1.21212121212121,,,new
Suspension Feeder X Deep Infaunal(2),Suspension Feeder X Deep Infaunal,34,1,2.09100008,NA,NA,NA,1.22,0,NA,NA,NA,NA,NA,0,NA,NA,NA,NA,NA,4,2.13005928661616,22,4,0,1.22222222222222,extinct,,new
Benthic Carnivores I Attached Stationary,Benthic Carnivores I Attached Stationary,35,4,2.828904629,NA,NA,NA,1.8925,2,2.867767572,NA,NA,NA,NA,0,NA,NA,NA,NA,NA,2,2.61152612575758,NA,NA,NA,1.72727272727273,persist,extinct,new
Benthic Carnivores II Mobile,Benthic Carnivores II Mobile,36,7,3.06235981,NA,NA,NA,2.56285714285714,0,NA,NA,NA,NA,NA,16,3.790949583,NA,NA,NA,2.47784810126582,1,3.37494283535354,NA,NA,NA,3.09090909090909,extinct,new,persist
Benthic Carnivores III Epifaunal Gastropods(1),Benthic Carnivores III Epifaunal Gastropods,37,0,NA,NA,NA,NA,NA,2,3.000519514,6,2,2.828427125,2.73924050632911,5,3.811267853,8.306,5,5.066930037,2.73924050632911,1,3.31951209393939,11.87,1,NA,2.90909090909091,new,persist,persist
Benthic Carnivores IV SemiInfaunal Gastropods(4),Benthic Carnivores IV SemiInfaunal Gastropods,38,1,3.061841726,NA,NA,NA,2.81,0,NA,NA,NA,NA,NA,0,NA,NA,NA,NA,NA,0,NA,NA,NA,NA,NA,extinct,,
Benthic Carnivores V Small Parasitic Gastropods,Benthic Carnivores V Small Parasitic Gastropods,39,2,3.054003716,NA,NA,NA,2.87,2,3.021895885,NA,NA,NA,NA,0,NA,NA,NA,NA,NA,0,NA,NA,NA,NA,NA,persist,extinct,
Benthic Carnivores VI Crustaceans,Benthic Carnivores VI Crustaceans,40,4,2.258934498,NA,NA,NA,1.6225,17,2.65337038,NA,NA,NA,2.25474683544304,8,3.077724695,59.5,2,40.30508653,2.25474683544304,10,2.18261654656566,NA,NA,NA,1.45454545454545,persist,persist,persist
Nektobenthic Omnivore,Nektobenthic Omnivore,41,1,2,NA,NA,NA,1,0,NA,NA,NA,NA,NA,2,2.253856421,NA,NA,NA,1.41139240506329,0,NA,NA,NA,NA,NA,extinct,new,extinct
Nektobenthic Carnivores I Conodonts,Nektobenthic Carnivores I Conodonts,42,8,2.251878023,NA,NA,NA,1.985,15,2.55207777,NA,NA,NA,NA,0,NA,NA,NA,NA,NA,0,NA,NA,NA,NA,NA,persist,extinct,
Nektobenthic Carnivores II Crustaceans,Nektobenthic Carnivores II Crustaceans,43,1,2.162650585,NA,NA,NA,1.38,0,NA,NA,NA,NA,NA,0,NA,NA,NA,NA,NA,0,NA,NA,NA,NA,NA,extinct,,
Nektobenthic Carnivores III Nautiloids(1),Nektobenthic Carnivores III Nautiloids,44,12,3.507982731,74.035,12,21.26600424,3.43,17,3.191733122,74.9411765,17,14.7244295,3.11392405063291,2,3.519015074,79.44,2,0,3.11392405063291,4,3.28899957247475,63.75,4,15.5214904782584,3.38131313131313,persist,persist,persist
Nektobenthic Carnivores IV Slow Predatory Fish(2),Nektobenthic Carnivores IV Slow Predatory Fish,45,1,3.587692261,NA,NA,NA,3.72,0,NA,NA,NA,NA,NA,2,3.681573629,NA,NA,NA,3.25949367088608,0,NA,NA,NA,NA,NA,extinct,new,extinct
Nektonic Grazers Detritivore Fish(1),Nektonic Grazers Detritivore Fish,46,5,2.152677536,69.4,5,29.61080884,1.744,1,2.288809776,NA,NA,NA,NA,0,NA,NA,NA,NA,NA,0,NA,NA,NA,NA,NA,persist,extinct,
Nektonic Carnivores I Conodonts,Nektonic Carnivores I Conodonts,47,26,2.260126352,NA,NA,NA,2.01153846153846,21,2.539338112,NA,NA,NA,NA,0,NA,NA,NA,NA,NA,0,NA,NA,NA,NA,NA,persist,extinct,
Nektonic Carnivores II Belemnoids,Nektonic Carnivores II Belemnoids,48,7,2.892891645,NA,NA,NA,2.73714285714286,12,2.89695096,NA,NA,NA,2.40777576853526,14,2.84274292,63.2075,8,20.79049697,2.40777576853526,11,2.83698164407713,NA,NA,NA,2.60146923783287,persist,persist,persist
Nektonic Carnivores III Fast Predatory Fish(1),Nektonic Carnivores III Fast Predatory Fish,49,1,3.19465518,NA,NA,NA,3.66,3,3.192860126,112.75,4,36.28934646,3.36708860759494,2,3.652801037,120.86,2,0,3.36708860759494,0,NA,NA,NA,NA,NA,persist,persist,extinct
Nektonic Carnivores IV Durophagous Fish(1),Nektonic Carnivores IV Durophagous Fish,50,17,3.000087976,76.64705882,17,50.34002033,2.87529411764706,6,3.003587008,68.83333333,6,21.44217029,2.5253164556962,2,3.269768238,109,2,15.55634919,2.5253164556962,2,3.00737972777778,120,2,0,2.91919191919192,persist,persist,persist
Nektonic Carnivores V Straight Shelled Cephalopod,Nektonic Carnivores V Straight Shelled Cephalopod,51,2,2.889742374,NA,NA,NA,2.735,9,2.910477638,NA,NA,NA,NA,0,NA,NA,NA,NA,NA,1,2.84291261818182,NA,NA,NA,2.71717171717172,persist,extinct,new
Nektonic Carnivores V Ammonites(1),Nektonic Carnivores V Ammonites,52,227,2.962802649,53.31806167,227,21.47308879,2.80735682819383,107,2.988955021,37.91588785,107,18.27831042,2.82397151898734,128,3.158010483,59.72304688,128,21.74625368,2.82397151898734,81,3.03173058797855,53.430987654321,81,16.272715170258,2.95635366005736,persist,persist,persist
Nektonic Carnivores VI Durophagous Sharks,Nektonic Carnivores VI Durophagous Sharks,53,11,3.000434399,NA,NA,NA,2.87636363636364,3,3.007168055,NA,NA,NA,2.69873417721519,5,3.256148815,NA,NA,NA,2.69873417721519,0,NA,NA,NA,NA,NA,persist,persist,extinct
Nektonic Carnivores VII Predatory Sharks,Nektonic Carnivores VII Predatory Sharks,54,6,3.600104332,NA,NA,NA,3.60333333333333,3,3.40786314,NA,NA,NA,3.28028933092224,21,3.736796856,1791.428571,7,951.4800501,3.28028933092224,1,3.45881138484848,2250,1,NA,3.60606060606061,persist,persist,persist
Marine Reptiles I Durophagous Reptiles(1),Marine Reptiles I Durophagous Reptiles,55,4,3.044572115,60,4,40.44749683,2.9675,0,NA,NA,NA,NA,NA,0,NA,NA,NA,NA,NA,0,NA,NA,NA,NA,NA,extinct,,
Marine Reptiles II Piercing Predatory Reptiles(1),Marine Reptiles II Piercing Predatory Reptiles,56,5,3.510836601,50,5,24.82941804,3.624,0,NA,NA,NA,NA,NA,8,3.868605614,36.375,8,15.97039672,3.70727848101266,0,NA,NA,NA,NA,NA,extinct,new,extinct
Marine Reptiles III Smash/Crunch Predatory Reptiles(2),Marine Reptiles III Smash/Crunch Predatory Reptiles,57,3,3.955501556,180,3,20,4.01666666666667,0,NA,NA,NA,NA,NA,0,NA,NA,NA,NA,NA,0,NA,NA,NA,NA,NA,extinct,,
Detritivores/Suspension Feeders V Infaunal medium(2),Detritivores/Suspension Feeders V Infaunal medium,58,5,2,26.562,5,4.9415959,1,9,2,28.66666667,9,4,1,1,2,NA,NA,NA,1,0,NA,NA,NA,NA,NA,persist,persist,extinct
Detritivores/Suspension Feeders V Infaunal medium(3),Detritivores/Suspension Feeders V Infaunal medium,59,4,2,52,4,4.618802154,1,3,2,56,3,0,1,3,2,53.33333333,3,4.618802154,1,3,2,56,3,0,1,persist,persist,persist
Deposit Feeders/Grazers III Mobile Infaunal(2),Deposit Feeders/Grazers III Mobile Infaunal,60,3,2,23.7,3,1.212435565,1,4,2,23.5,4,1,1,2,2,25.29,2,0,1,0,NA,NA,NA,NA,NA,persist,persist,extinct
Deposit Feeders/Grazers III Mobile Infaunal(3),Deposit Feeders/Grazers III Mobile Infaunal,61,2,2,45.395,2,3.68402633,1,0,NA,NA,NA,NA,NA,7,2,44.07142857,7,1.598222227,1,0,NA,NA,NA,NA,NA,extinct,new,extinct
Deposit Feeders/Grazers III Mobile Infaunal(4),Deposit Feeders/Grazers III Mobile Infaunal,62,1,2,NA,NA,NA,1,0,NA,NA,NA,NA,NA,0,NA,NA,NA,NA,NA,4,2,66.23,4,0,1,extinct,,new
Deposit Feeders/Grazers III Mobile Infaunal(5),Deposit Feeders/Grazers III Mobile Infaunal,63,1,2,NA,NA,NA,1,0,NA,NA,NA,NA,NA,0,NA,NA,NA,NA,NA,1,2,86.1,1,NA,1,extinct,,new
Chemosymbiotic (Infaunal)(5),Chemosymbiotic (Infaunal),64,1,2,NA,NA,NA,1,0,NA,NA,NA,NA,NA,0,NA,NA,NA,NA,NA,0,NA,NA,NA,NA,NA,extinct,,
Benthic Omnivore/Grazers I(2),Benthic Omnivore/Grazers I,65,5,2.135781765,25.586,5,0.514859204,1.292,12,2.248757124,26.75,12,3.519426606,2.2041827187672,23,3.08468461,32.13913043,23,4.973756503,2.2041827187672,2,2.07661313030303,38.5,2,0,1.19191919191919,persist,persist,persist
Suspension Feeders III Stationary Epifaunal(2),Suspension Feeders III Stationary Epifaunal,66,6,2.12572217,29.56333333,6,2.12016666,1.285,7,2.153450012,30.85714286,7,2.968084199,1.15189873417722,6,2.021699905,32.13333333,6,2.566496964,1.15189873417722,14,2.15213554372294,25.4635714285714,14,3.23255223562496,1.25108225108225,persist,persist,persist
Suspension Feeders III Stationary Epifaunal(3),Suspension Feeders III Stationary Epifaunal,67,29,2.113586187,45.33482759,29,1.993420644,1.26620689655172,30,2.168000698,47.26666667,30,5.445234128,1.15189873417722,1,2.021699905,NA,NA,NA,1.15189873417722,13,2.15586974879565,45.9115384615385,13,5.0160356959021,1.26029526029526,persist,persist,persist
Suspension Feeders III Stationary Epifaunal(4),Suspension Feeders III Stationary Epifaunal,68,15,2.114088774,74.37133333,15,4.765832061,1.25866666666667,5,2.174269199,71.8,5,7.56306816,1.13502109704641,9,2.019288778,78.65,9,0,1.13502109704641,4,2.1635697739899,66.0825,4,3.305,1.27777777777778,persist,persist,persist
Suspension Feeders III Stationary Epifaunal(5),Suspension Feeders III Stationary Epifaunal,69,1,2.142999887,NA,NA,NA,1.32,23,2.175623655,83.17391304,23,0.834057656,1.14430379746835,5,2.020614862,82.69,5,0,1.14430379746835,7,2.14456614891775,92.9414285714286,7,2.98892638791606,1.23665223665224,persist,persist,persist
Suspension Feeders III Stationary Epifaunal(6),Suspension Feeders III Stationary Epifaunal,70,3,2.110444546,101.02,3,0,1.26,7,2.175992727,102.2857143,7,3.401680257,1.11392405063291,2,2.016274929,110,2,0,1.11392405063291,5,2.16184520606061,109.026,5,2.0510070697099,1.27474747474747,persist,persist,persist
Suspension Feeders III Stationary Epifaunal(10),Suspension Feeders III Stationary Epifaunal,71,2,2.128000021,190.4,2,0.565685425,1.295,4,2.19110775,187.75,4,4.5,1.12579113924051,16,2.017970085,190.3625,16,0.427200187,1.12579113924051,5,2.12839473434343,190,5,0,1.21212121212121,persist,persist,persist
Suspension Feeders III Stationary Epifaunal(17),Suspension Feeders III Stationary Epifaunal,72,2,2.136833429,322,2,0,1.305,12,2.180372,322,12,0,NA,0,NA,NA,NA,NA,NA,0,NA,NA,NA,NA,NA,persist,extinct,
Suspension Feeder V Mobile Infaunal(2),Suspension Feeder V Mobile Infaunal,73,19,2.127350807,24.65421053,19,4.183497096,1.29368421052632,17,2.164164305,23.52941176,17,3.261856202,1.13291139240506,14,2.018987417,31.78071429,14,4.162762515,1.13291139240506,6,2.14814200841751,29.5066666666667,6,7.14110542329874,1.24242424242424,persist,persist,persist
Suspension Feeder V Mobile Infaunal(3),Suspension Feeder V Mobile Infaunal,74,11,2.120545387,50.0109091,11,4.20269308,1.28090909090909,5,2.172267914,51.2,5,7.120393248,1.12952605239918,43,2.018503666,47.16139535,43,5.710664035,1.12952605239918,7,2.14710417344877,50.8685714285714,7,5.8993853594292,1.25252525252525,persist,persist,persist
Suspension Feeder V Mobile Infaunal(7),Suspension Feeder V Mobile Infaunal,75,1,2.104333401,NA,NA,NA,1.23,2,2.162971735,123,2,0,1.12869198312236,6,2.018384457,132.56,6,7.581532827,1.12869198312236,1,2.13300663636364,140,1,NA,1.23232323232323,persist,persist,persist
Suspension Feeders VI Mobile Epifaunal(2),Suspension Feeders VI Mobile Epifaunal,76,5,2.110533237,37.33,5,0,1.26,29,2.164043903,30.13793103,29,4.756380211,1.13291139240506,2,2.018987417,37.33,2,0,1.13291139240506,1,2.08344814646465,33.82,1,NA,1.15151515151515,persist,persist,persist
Suspension Feeders VI Mobile Epifaunal(3),Suspension Feeders VI Mobile Epifaunal,77,6,2.109222174,52.20833333,6,0.975713414,1.25166666666667,7,2.156888008,49.71428571,7,0.755928946,1.13924050632911,3,2.0198915,42.89,3,0,1.13924050632911,1,2.16808368282828,42.89,1,NA,1.26262626262626,persist,persist,persist
Suspension Feeders VI Mobile Epifaunal(4),Suspension Feeders VI Mobile Epifaunal,78,4,2.122916698,73.6725,4,5.015,1.2775,14,2.177730083,69,14,4.206222497,1.13291139240506,10,2.018987417,75.559,10,3.517209911,1.13291139240506,6,2.15448116851852,73.14,6,0,1.26262626262626,persist,persist,persist
Suspension Feeders VI Mobile Epifaunal(5),Suspension Feeders VI Mobile Epifaunal,79,14,2.123380899,87.735,14,6.192625577,1.28214285714286,15,2.166256189,91.6,15,4.852098221,1.13080168776371,3,2.018686056,95.18,3,0,1.13080168776371,1,2.12721003939394,94.12,1,NA,1.2020202020202,persist,persist,persist
Suspension Feeders VI Mobile Epifaunal(6),Suspension Feeders VI Mobile Epifaunal,80,4,2.117249966,116.32,4,0,1.2725,5,2.189679623,116,5,0,1.12341772151899,8,2.017631054,112.1825,8,6.802543117,1.12341772151899,0,NA,NA,NA,NA,NA,persist,persist,extinct
Suspension Feeders VI Mobile Epifaunal(8),Suspension Feeders VI Mobile Epifaunal,81,3,2.104333401,158,3,0,1.24,9,2.17236042,156,9,6,1.13924050632911,3,2.0198915,158,3,0,1.13924050632911,1,2.18236679292929,158,1,NA,1.32323232323232,persist,persist,persist
Suspension Feeders VI Mobile Epifaunal(10),Suspension Feeders VI Mobile Epifaunal,82,3,2.122333288,197.9,3,0,1.27,0,NA,NA,NA,NA,NA,3,2.021699905,197.9,3,0,1.15189873417722,0,NA,NA,NA,NA,NA,extinct,new,extinct
Suspension Feeders VII Epibiont SemiInfaunal(4),Suspension Feeders VII Epibiont SemiInfaunal,83,5,2.125133276,67.74,5,0,1.284,8,2.180331707,66,8,2.138089935,NA,0,NA,NA,NA,NA,NA,2,2.16393445858586,67.74,2,0,1.25757575757576,persist,extinct,new
Suspension Feeders VII Epibiont SemiInfaunal(11),Suspension Feeders VII Epibiont SemiInfaunal,84,3,2.129111052,213,3,0,1.29,18,2.165991545,213,18,0,1.15189873417722,7,2.021699905,213,7,0,1.15189873417722,1,2.15600439292929,213,1,NA,1.24242424242424,persist,persist,persist
Benthic Carnivores III Epifaunal Gastropods(2),Benthic Carnivores III Epifaunal Gastropods,85,1,3.015522003,NA,NA,NA,2.57,0,NA,NA,NA,NA,NA,3,3.797993422,29.72333333,3,1.258623587,2.59493670886076,11,3.32937230991736,27.9881818181818,11,4.04485801526288,3.00459136822773,extinct,new,persist
Nektobenthic Carnivores III Nautiloids(2),Nektobenthic Carnivores III Nautiloids,86,9,3.468279839,127.7277778,9,26.15591605,3.39333333333333,9,3.204823732,122.5555556,9,18.86869836,3.13607594936709,4,3.510207415,117.0075,4,18.94870862,3.13607594936709,10,3.31878109767677,132.96,10,25.063439508575,3.47777777777778,persist,persist,persist
Nektobenthic Carnivores IV Slow Predatory Fish(4),Nektobenthic Carnivores IV Slow Predatory Fish,87,2,3.579362869,657.5,2,60.1040764,3.64,0,NA,NA,NA,NA,NA,0,NA,NA,NA,NA,NA,0,NA,NA,NA,NA,NA,extinct,,
Nektonic Carnivores III Fast Predatory Fish(2),Nektonic Carnivores III Fast Predatory Fish,88,2,3.214793921,265,2,77.78174593,3.64,1,3.210964441,NA,NA,NA,NA,0,NA,NA,NA,NA,NA,0,NA,NA,NA,NA,NA,persist,extinct,
Nektonic Carnivores III Fast Predatory Fish(3),Nektonic Carnivores III Fast Predatory Fish,89,6,3.230568886,536.8333333,6,39.05594278,3.68,2,3.231137276,550,2,70.71067812,3.35443037974684,3,3.648219585,556.6666667,3,75.05553499,3.35443037974684,0,NA,NA,NA,NA,NA,persist,persist,extinct
Nektonic Carnivores III Fast Predatory Fish(5),Nektonic Carnivores III Fast Predatory Fish,90,3,3.208774805,943.3333333,3,98.14954576,3.70666666666667,1,3.209321737,NA,NA,NA,NA,0,NA,NA,NA,NA,NA,0,NA,NA,NA,NA,NA,persist,extinct,
Nektonic Carnivores III Fast Predatory Fish(6),Nektonic Carnivores III Fast Predatory Fish,91,1,3.232347965,NA,NA,NA,3.48,0,NA,NA,NA,NA,NA,0,NA,NA,NA,NA,NA,0,NA,NA,NA,NA,NA,extinct,,
Nektonic Carnivores IV Durophagous Fish(2),Nektonic Carnivores IV Durophagous Fish,92,2,3.000152826,360,2,14.14213562,2.895,1,3.00503087,NA,NA,NA,2.62025316455696,1,3.227799416,NA,NA,NA,2.62025316455696,0,NA,NA,NA,NA,NA,persist,persist,extinct
Nektonic Carnivores IV Durophagous Fish(3),Nektonic Carnivores IV Durophagous Fish,93,3,3.000150204,500,3,0,2.92,2,3.002830505,500,2,0,NA,0,NA,NA,NA,NA,NA,0,NA,NA,NA,NA,NA,persist,extinct,
Nektonic Carnivores IV Durophagous Fish(4),Nektonic Carnivores IV Durophagous Fish,94,1,3,NA,NA,NA,2.93,1,3.002219439,NA,NA,NA,NA,0,NA,NA,NA,NA,NA,1,3.00590078181818,609,1,NA,2.94949494949495,persist,extinct,new
Nektonic Carnivores V Ammonites(2),Nektonic Carnivores V Ammonites,95,32,2.968626261,132.6465625,32,15.8221096,2.789375,27,2.986599684,149.2592593,27,18.07163649,2.82584024443474,58,3.184886217,134.0734483,58,25.6105742,2.82584024443474,17,3.04472075371361,150.759411764706,17,32.5142898335848,2.98871063576946,persist,persist,persist
Marine Reptiles I Durophagous Reptiles(2),Marine Reptiles I Durophagous Reptiles,96,3,3.102240562,128.6666667,3,27.93444707,2.81666666666667,3,3.215298653,1100,2,282.8427125,NA,0,NA,NA,NA,NA,NA,0,NA,NA,NA,NA,NA,persist,extinct,
Marine Reptiles I Durophagous Reptiles(3),Marine Reptiles I Durophagous Reptiles,97,3,3.106988192,207.6666667,3,4.041451884,2.88333333333333,0,NA,NA,NA,NA,NA,0,NA,NA,NA,NA,NA,0,NA,NA,NA,NA,NA,extinct,,
Marine Reptiles II Piercing Predatory Reptiles(2),Marine Reptiles II Piercing Predatory Reptiles,98,5,3.801263571,150.8,5,27.1698362,4.424,0,NA,NA,NA,NA,NA,0,NA,NA,NA,NA,NA,1,3.94686156464646,200,1,NA,3.93939393939394,extinct,,new
Marine Reptiles II Piercing Predatory Reptiles(3),Marine Reptiles II Piercing Predatory Reptiles,99,7,3.808940887,247.5714286,7,32.80171308,4.46285714285714,0,NA,NA,NA,NA,NA,0,NA,NA,NA,NA,NA,0,NA,NA,NA,NA,NA,extinct,,
Marine Reptiles II Piercing Predatory Reptiles(4),Marine Reptiles II Piercing Predatory Reptiles,100,2,3.820385933,355.5,2,62.93250353,4.395,1,3.791415453,NA,NA,NA,4.18987341772152,2,4.207819462,367.5,2,3.535533906,4.18987341772152,0,NA,NA,NA,NA,NA,persist,persist,extinct
Marine Reptiles II Piercing Predatory Reptiles(5),Marine Reptiles II Piercing Predatory Reptiles,101,2,3.813694954,451,2,0,4.405,1,3.823273182,NA,NA,NA,NA,0,NA,NA,NA,NA,NA,0,NA,NA,NA,NA,NA,persist,extinct,
Marine Reptiles II Piercing Predatory Reptiles(7),Marine Reptiles II Piercing Predatory Reptiles,102,1,3.79481554,NA,NA,NA,4.47,1,3.822485209,NA,NA,NA,4.18987341772152,1,4.201004505,NA,NA,NA,4.18987341772152,0,NA,NA,NA,NA,NA,persist,persist,extinct
Marine Reptiles III Smash/Crunch Predatory Reptiles(3),Marine Reptiles III Smash/Crunch Predatory Reptiles,103,1,3.957012415,NA,NA,NA,3.81,0,NA,NA,NA,NA,NA,0,NA,NA,NA,NA,NA,0,NA,NA,NA,NA,NA,extinct,,
Marine Reptiles III Smash/Crunch Predatory Reptiles(6),Marine Reptiles III Smash/Crunch Predatory Reptiles,104,3,3.828178406,551.6666667,3,42.52450274,4.38,0,NA,NA,NA,NA,NA,0,NA,NA,NA,NA,NA,0,NA,NA,NA,NA,NA,extinct,,
Marine Reptiles III Smash/Crunch Predatory Reptiles(7),Marine Reptiles III Smash/Crunch Predatory Reptiles,105,2,3.832406998,700,2,0,4.36,0,NA,NA,NA,NA,NA,0,NA,NA,NA,NA,NA,0,NA,NA,NA,NA,NA,extinct,,
Mobile Benthic Herbivores(6),Mobile Benthic Herbivores,106,0,NA,NA,NA,NA,NA,0,NA,NA,NA,NA,NA,1,2,NA,NA,NA,1,0,NA,NA,NA,NA,NA,,new,extinct
Suspension Feeders XI Boring Bivalves(1),Suspension Feeders XI Boring Bivalves,107,0,NA,NA,NA,NA,NA,0,NA,NA,NA,NA,NA,2,2.017179012,NA,NA,NA,1.12025316455696,0,NA,NA,NA,NA,NA,,new,extinct
Mobile Infaunal Carnivores(4),Mobile Infaunal Carnivores,108,0,NA,NA,NA,NA,NA,0,NA,NA,NA,NA,NA,1,3.008702755,NA,NA,NA,1.92405063291139,0,NA,NA,NA,NA,NA,,new,extinct
Mobile Benthic Grazers(3),Mobile Benthic Grazers,109,0,NA,NA,NA,NA,NA,0,NA,NA,NA,NA,NA,3,2,47.15,3,0,1,0,NA,NA,NA,NA,NA,,new,extinct
Deposit Feeders/Grazer IV Sea Stars,Deposit Feeders/Grazer IV Sea Stars,110,0,NA,NA,NA,NA,NA,0,NA,NA,NA,NA,NA,5,3.079020262,NA,NA,NA,2.1873417721519,0,NA,NA,NA,NA,NA,,new,extinct
Suspension Feeders XI Fish (1),Suspension Feeders XI Fish,111,0,NA,NA,NA,NA,NA,3,3,104,3,24.24871131,NA,0,NA,NA,NA,NA,NA,0,NA,NA,NA,NA,NA,new,extinct,
Nektobenthic Carnivores V Fast Predatory Fish(1),Nektobenthic Carnivores V Fast Predatory Fish,112,0,NA,NA,NA,NA,NA,0,NA,NA,NA,NA,NA,1,3.71268177,NA,NA,NA,3.36708860759494,0,NA,NA,NA,NA,NA,,new,extinct
Nektobenthic Carnivores V Chimaeras,Nektobenthic Carnivores V Chimaeras,113,0,NA,NA,NA,NA,NA,0,NA,NA,NA,NA,NA,6,3.339562416,NA,NA,NA,2.5210970464135,0,NA,NA,NA,NA,NA,,new,extinct
Chemosymbiotic (Infaunal)(1),Chemosymbiotic (Infaunal),114,0,NA,NA,NA,NA,NA,0,NA,NA,NA,NA,NA,9,2,14.31444444,9,2.594374256,1,0,NA,NA,NA,NA,NA,,new,extinct
Chemosymbiotic (Infaunal)(7),Chemosymbiotic (Infaunal),115,0,NA,NA,NA,NA,NA,0,NA,133,3,0,NA,3,2,NA,NA,NA,1,1,2,133,1,NA,1,,new,persist
Benthic Omnivore/Grazers I(3),Benthic Omnivore/Grazers I,116,0,NA,NA,NA,NA,NA,20,2.238264322,41.95,20,3.790222879,2.1374321880651,7,3.0471313,42.81571429,7,2.087996305,2.1374321880651,3,2.10392416026936,41.07,3,0,1.26262626262626,new,persist,persist
Benthic Omnivore/Grazers I(4),Benthic Omnivore/Grazers I,117,0,NA,NA,NA,NA,NA,30,2.239249229,72.06666667,30,6.95271385,2.24683544303797,2,3.140437603,65.705,2,5.932625894,2.24683544303797,5,2.07842921878788,73.604,5,6.56719346448695,1.17171717171717,new,persist,persist
Benthic Omnivore/Grazers I(5),Benthic Omnivore/Grazers I,118,0,NA,NA,NA,NA,NA,8,2.235481024,86,8,4.472135955,2.17088607594937,2,3.037879944,81.06,2,0,2.17088607594937,2,2.06765315757576,92.78,2,0,1.16666666666667,new,persist,persist
Benthic Omnivore/Grazers I(9),Benthic Omnivore/Grazers I,119,0,NA,NA,NA,NA,NA,12,2.238425493,174,12,0,2.1993670886076,4,3.048942327,173.66,4,0,2.1993670886076,2,2.09226380151515,173.66,2,0,1.17676767676768,new,persist,persist
Suspension Feeders III Stationary Epifaunal(8),Suspension Feeders III Stationary Epifaunal,120,0,NA,NA,NA,NA,NA,0,NA,NA,NA,NA,NA,4,2.0198915,158,4,0,1.13924050632911,4,2.14701644494949,145.06,4,0,1.2449494949495,,new,persist
Suspension Feeders III Stationary Epifaunal(9),Suspension Feeders III Stationary Epifaunal,121,0,NA,NA,NA,NA,NA,0,NA,NA,NA,NA,NA,2,2.017179012,178.375,2,2.298097039,1.12025316455696,9,2.14483517485971,176.75,9,0,1.24130190796857,,new,persist
Suspension Feeders III Stationary Epifaunal(13),Suspension Feeders III Stationary Epifaunal,122,0,NA,NA,NA,NA,NA,0,NA,NA,NA,NA,NA,4,2.015370607,253.5,4,0,1.10759493670886,0,NA,NA,NA,NA,NA,,new,extinct
Suspension Feeders III Stationary Epifaunal(20),Suspension Feeders III Stationary Epifaunal,123,0,NA,NA,NA,NA,NA,0,NA,NA,NA,NA,NA,2,2.015370607,400,2,0,1.10759493670886,3,2.15448845589226,396.45,3,0,1.25252525252525,,new,persist
Suspension Feeder V Mobile Infaunal(4),Suspension Feeder V Mobile Infaunal,124,0,NA,NA,NA,NA,NA,0,NA,NA,NA,NA,NA,9,2.0198915,71.76555556,9,9.477625113,1.13924050632911,13,2.16640356860917,73.0446153846154,13,2.66816920810449,1.27583527583528,,new,persist
Suspension Feeder V Mobile Infaunal(5),Suspension Feeder V Mobile Infaunal,125,0,NA,NA,NA,NA,NA,4,2.173107862,92.5,4,3,1.17299578059072,3,2.024713755,88.23333333,3,7.211104862,1.17299578059072,3,2.15935324646465,90.6,3,9.4,1.25925925925926,new,persist,persist
Suspension Feeder V Mobile Infaunal(6),Suspension Feeder V Mobile Infaunal,126,0,NA,NA,NA,NA,NA,1,2.161268473,NA,NA,NA,1.13248945147679,15,2.018927097,116.9266667,15,4.498899336,1.13248945147679,4,2.13884436969697,120,4,0,1.24242424242424,new,persist,persist
Suspension Feeder V Mobile Infaunal(10),Suspension Feeder V Mobile Infaunal,127,0,NA,NA,NA,NA,NA,0,NA,NA,NA,NA,NA,1,2.021699905,NA,NA,NA,1.15189873417722,0,NA,NA,NA,NA,NA,,new,extinct
Suspension Feeders VII Epibiont SemiInfaunal(1),Suspension Feeders VII Epibiont SemiInfaunal,128,0,NA,NA,NA,NA,NA,0,NA,NA,NA,NA,NA,1,2.010849953,NA,NA,NA,1.07594936708861,0,NA,NA,NA,NA,NA,,new,extinct
Marine Reptiles II Piercing Predatory Reptiles(6),Marine Reptiles II Piercing Predatory Reptiles,129,0,NA,NA,NA,NA,NA,1,2.558132887,NA,NA,NA,NA,0,NA,NA,NA,NA,NA,0,NA,NA,NA,NA,NA,new,extinct,
Suspension Feeders VII Epibiont SemiInfaunal(5),Suspension Feeders VII Epibiont SemiInfaunal,130,0,NA,NA,NA,NA,NA,0,NA,NA,NA,NA,NA,4,2.015822887,89.91,4,0,1.11075949367089,0,NA,NA,NA,NA,NA,,new,extinct
Suspension Feeders VII Epibiont SemiInfaunal(60),Suspension Feeders VII Epibiont SemiInfaunal,131,0,NA,NA,NA,NA,NA,4,2.184174299,NA,NA,NA,1.09493670886076,2,2.013562441,1200,2,0,1.09493670886076,1,2.14588727676768,1200,1,NA,1.25252525252525,new,persist,persist
Suspension Feeder IX Epibiont Epifaunal(2),Suspension Feeder IX Epibiont Epifaunal,132,7,2.128285646,36.16428571,7,0.82850985,1.28571428571429,18,2.171165943,36.77777778,18,0.646761667,1.10126582278481,1,2.014466524,NA,NA,NA,1.10126582278481,0,NA,NA,NA,NA,NA,persist,persist,extinct
Suspension Feeder IX Epibiont Epifaunal(3),Suspension Feeder IX Epibiont Epifaunal,133,0,NA,NA,NA,NA,NA,2,2.146670103,52,2,0,1.12115732368897,7,2.017308235,48.16142857,7,6.530184858,1.12115732368897,4,2.13906674267677,49.3775,4,5.445,1.22979797979798,new,persist,persist
Suspension Feeder IX Epibiont Epifaunal(4),Suspension Feeder IX Epibiont Epifaunal,134,0,NA,NA,NA,NA,NA,0,NA,NA,NA,NA,NA,3,2.016274929,61.88,3,0,1.11392405063291,0,NA,NA,NA,NA,NA,,new,extinct
Suspension Feeder IX Epibiont Epifaunal(5),Suspension Feeder IX Epibiont Epifaunal,135,0,NA,NA,NA,NA,NA,0,NA,NA,NA,NA,NA,1,2.037974596,NA,NA,NA,1.26582278481013,1,2.1452723010101,93,1,NA,1.22222222222222,,new,persist
Benthic Carnivores III Epifaunal Gastropods(4),Benthic Carnivores III Epifaunal Gastropods,136,0,NA,NA,NA,NA,NA,0,NA,NA,NA,NA,NA,1,3.929544449,NA,NA,NA,2.78481012658228,2,3.32083091060606,70.96,2,0,3.03030303030303,,new,persist
Benthic Carnivores III Epifaunal Gastropods(9),Benthic Carnivores III Epifaunal Gastropods,137,0,NA,NA,NA,NA,NA,0,NA,NA,NA,NA,NA,1,3.758660793,NA,NA,NA,2.69620253164557,0,,NA,NA,NA,NA,,new,persist
Nektonic Carnivores V Ammonites(3),Nektonic Carnivores V Ammonites,138,0,NA,NA,NA,NA,NA,5,2.992700815,212.8,5,6.260990337,2.81962025316456,8,3.189815283,251.6666667,9,60.2245797,2.81962025316456,5,3.03432677939394,234.01,5,21.6009710429879,2.95555555555556,new,persist,persist
Nektonic Carnivores V Ammonites(4),Nektonic Carnivores V Ammonites,139,0,NA,NA,NA,NA,NA,0,NA,NA,NA,NA,NA,4,3.191363811,332.3333333,3,25.8134332,2.87025316455696,4,3.0717144770202,358.35,4,0,2.93434343434343,,new,persist
Nektonic Carnivores V Ammonites(5),Nektonic Carnivores V Ammonites,140,0,NA,NA,NA,NA,NA,0,NA,NA,NA,NA,NA,1,3.217277527,NA,NA,NA,2.81012658227848,10,3.04780183666667,448.9,10,0,2.97272727272727,,new,extinct
Marine Reptiles II Piercing Predatory Reptiles(8),Marine Reptiles II Piercing Predatory Reptiles,141,0,NA,NA,NA,NA,NA,0,NA,NA,NA,NA,NA,1,4.198363304,NA,NA,NA,4.18987341772152,0,NA,NA,NA,NA,NA,,new,extinct
Marine Reptiles II Piercing Predatory Reptiles(9),Marine Reptiles II Piercing Predatory Reptiles,142,0,NA,NA,NA,NA,NA,0,NA,NA,NA,NA,NA,6,4.186446667,880,6,0,4.17721518987342,0,NA,NA,NA,NA,NA,,new,extinct
Marine Reptiles II Piercing Predatory Reptiles(11),Marine Reptiles II Piercing Predatory Reptiles,143,0,NA,NA,NA,NA,NA,0,NA,NA,NA,NA,NA,1,4.190079689,NA,NA,NA,4.25316455696202,0,NA,NA,NA,NA,NA,,new,extinct
Marine Reptiles III Smash/Crunch Predatory Reptiles(8),Marine Reptiles III Smash/Crunch Predatory Reptiles,144,0,NA,NA,NA,NA,NA,0,NA,NA,NA,NA,NA,2,4.153227806,NA,NA,NA,4.10126582278481,0,NA,NA,NA,NA,NA,,new,extinct
Suspension Feeders XI Fish (2),Suspension Feeders XI Fish,145,0,NA,NA,NA,NA,NA,0,NA,NA,NA,NA,NA,2,2.607412338,330,2,0,1.74050632911392,0,,NA,NA,NA,NA,,new,persist
Suspension Feeders XI Fish (110),Suspension Feeders XI Fish,146,0,NA,NA,NA,NA,NA,0,NA,NA,NA,NA,NA,1,2.682195902,NA,NA,NA,1.79746835443038,0,,NA,NA,NA,NA,,new,persist
Chemosymbiotic (Infaunal)(3),Chemosymbiotic (Infaunal),147,0,NA,NA,NA,NA,NA,2,2,3,2,0,1,1,2,NA,NA,NA,1,1,2,54.71,1,NA,1,new,persist,persist
Nektonic Carnivores V Ammonites(9),Nektonic Carnivores V Ammonites,148,0,NA,NA,NA,NA,NA,0,NA,NA,NA,NA,NA,0,NA,NA,NA,NA,NA,1,2.94413896767677,841.12,1,NA,2.82828282828283,,,new
Nektonic Carnivores V Ammonites(10),Nektonic Carnivores V Ammonites,149,0,NA,NA,NA,NA,NA,0,NA,NA,NA,NA,NA,0,NA,NA,NA,NA,NA,1,2.88559260606061,970.85,1,NA,2.78787878787879,,,new
Nektonic Carnivores V Ammonites(13),Nektonic Carnivores V Ammonites,150,0,NA,NA,NA,NA,NA,0,NA,NA,NA,NA,NA,0,NA,NA,NA,NA,NA,4,2.90393129040404,1260.32,4,0,2.77525252525253,,,new
Suspension Feeders XI Boring Bivalves(4),Suspension Feeders XI Boring Bivalves,151,0,NA,NA,NA,NA,NA,4,2.192357063,4,4,0,NA,0,NA,NA,NA,NA,NA,1,2.1779022,72.5,1,NA,1.29292929292929,new,extinct,new
Suspension Feeder V Mobile Infaunal(8),Suspension Feeder V Mobile Infaunal,152,0,NA,NA,NA,NA,NA,0,NA,NA,NA,NA,NA,1,2.016274929,NA,NA,NA,1.11392405063291,6,2.1603870979798,140.6,6,0,1.25757575757576,,new,persist
Suspension Feeders III Stationary Epifaunal(7),Suspension Feeders III Stationary Epifaunal,153,0,NA,NA,NA,NA,NA,0,NA,NA,NA,NA,NA,0,NA,NA,NA,NA,NA,4,2.16754533333333,121.91,4,0,1.29292929292929,,,new
Suspension Feeders VI Mobile Epifaunal(9),Suspension Feeders VI Mobile Epifaunal,154,0,NA,NA,NA,NA,NA,5,2.158252716,9,5,0,NA,0,NA,NA,NA,NA,NA,4,2.15767091414141,176.98,4,0,1.27020202020202,new,extinct,new
Benthic Carnivores VII Drilling Gastropods(1),Benthic Carnivores VII Drilling Gastropods,155,0,NA,NA,NA,NA,NA,0,NA,NA,NA,NA,NA,0,NA,NA,NA,NA,NA,1,3.01173137474747,11.65,1,NA,2.62626262626263,,,new
Benthic Carnivores VII Drilling Gastropods(3),Benthic Carnivores VII Drilling Gastropods,156,0,NA,NA,NA,NA,NA,7,2.967414379,3,7,0,NA,0,NA,NA,NA,NA,NA,6,3.05510506683502,49.1733333333333,6,3.63544036764003,2.59259259259259,new,extinct,new
Benthic Carnivores VII Drilling Gastropods(7),Benthic Carnivores VII Drilling Gastropods,157,0,NA,NA,NA,NA,NA,0,NA,NA,NA,NA,NA,0,NA,NA,NA,NA,NA,1,3.08902582323232,135.46,1,NA,2.60606060606061,,,new
Benthic Carnivores III Epifaunal Gastropods(3),Benthic Carnivores III Epifaunal Gastropods,158,0,NA,NA,NA,NA,NA,0,NA,NA,NA,NA,NA,0,NA,NA,NA,NA,NA,1,3.32746995757576,59.48,1,NA,3.07070707070707,,,new
Benthic Carnivores III Epifaunal Gastropods(6),Benthic Carnivores III Epifaunal Gastropods,159,0,NA,NA,NA,NA,NA,10,3.001070976,6,10,0,NA,0,NA,NA,NA,NA,NA,1,3.36155307676768,115.75,1,NA,3.16161616161616,new,extinct,new
Benthic Carnivores III Epifaunal Gastropods(7),Benthic Carnivores III Epifaunal Gastropods,160,0,NA,NA,NA,NA,NA,0,NA,NA,NA,NA,NA,0,NA,NA,NA,NA,NA,12,3.34490864040404,126.17,12,0,2.99747474747475,,,new
Benthic Carnivores III Epifaunal Gastropods(8),Benthic Carnivores III Epifaunal Gastropods,161,0,NA,NA,NA,NA,NA,0,NA,NA,NA,NA,NA,0,NA,NA,NA,NA,NA,2,3.34194963333333,153.74,2,0,3.02525252525253,,,new
Deposit Feeders/Grazers III Mobile Infaunal(6),Deposit Feeders/Grazers III Mobile Infaunal,162,0,NA,NA,NA,NA,NA,0,NA,NA,NA,NA,NA,0,NA,NA,NA,NA,NA,1,2,118.84,1,NA,1,,,new
Deposit Feeders/Grazers III Mobile Infaunal(8),Deposit Feeders/Grazers III Mobile Infaunal,163,0,NA,NA,NA,NA,NA,0,NA,NA,NA,NA,NA,0,NA,NA,NA,NA,NA,1,2,156.88,1,NA,1,,,new
Benthic Omnivore/Grazers I(6),Benthic Omnivore/Grazers I,164,0,NA,NA,NA,NA,NA,0,NA,NA,NA,NA,NA,0,NA,NA,NA,NA,NA,9,2.09724120852974,104.351111111111,9,1.02333333333333,1.20314253647587,,,new
Benthic Omnivore/Grazers I(11),Benthic Omnivore/Grazers I,165,0,NA,NA,NA,NA,NA,0,NA,NA,NA,NA,NA,0,NA,NA,NA,NA,NA,1,2.03619629494949,207.54,1,NA,1.16161616161616,,,new
Deposit Feeders/Grazers IV Infaunal Echinoids,Deposit Feeders/Grazers IV Infaunal Echinoids,166,0,NA,NA,NA,NA,NA,0,NA,NA,NA,NA,NA,0,NA,NA,NA,NA,NA,21,2.12305427628668,NA,NA,NA,1.25300625300625,,,new
Nektonic Carnivores III Fast Predatory Fish(10),Nektonic Carnivores III Fast Predatory Fish,167,0,NA,NA,NA,NA,NA,0,NA,NA,NA,NA,NA,0,NA,NA,NA,NA,NA,1,3.1100094989899,2000,1,NA,3.14141414141414,,,new
Nektonic Carnivores VIII Sea Turtles,Nektonic Carnivores VIII Sea Turtles,168,0,NA,NA,NA,NA,NA,0,NA,NA,NA,NA,NA,1,2.546437979,275,1,NA,1.70886075949367,6,2.09883979444444,NA,NA,NA,1.16498316498317,,new,persist
Marine Reptiles IV Apex Predatory Reptiles(9),Marine Reptiles IV Apex Predatory Reptiles,169,0,NA,NA,NA,NA,NA,0,NA,NA,NA,NA,NA,1,4.123579025,897,1,NA,4.10126582278481,1,3.97385511111111,815,1,NA,4.03030303030303,,new,persist
Marine Reptiles IV Apex Predatory Reptiles(11),Marine Reptiles IV Apex Predatory Reptiles,170,0,NA,NA,NA,NA,NA,0,NA,NA,NA,NA,NA,1,4.16508913,1020,1,NA,4.13924050632911,1,3.96483135454545,1040,1,NA,4.12121212121212,,new,persist
Marine Reptiles IV Apex Predatory Reptiles(12),Marine Reptiles IV Apex Predatory Reptiles,171,0,NA,NA,NA,NA,NA,0,NA,NA,NA,NA,NA,0,NA,NA,NA,NA,NA,2,3.9502963010101,1161.5,2,12.0208152801713,4.1010101010101,,,new
Marine Reptiles IV Apex Predatory Reptiles(15),Marine Reptiles IV Apex Predatory Reptiles,172,0,NA,NA,NA,NA,NA,0,NA,NA,NA,NA,NA,0,NA,NA,NA,NA,NA,1,3.95427470808081,1500,1,NA,4.08080808080808,,,
Nektonic Carnivores VII Predatory Sharks II,Nektonic Carnivores VII Predatory Sharks II,173,0,NA,NA,NA,NA,NA,0,NA,NA,NA,NA,NA,0,NA,NA,NA,NA,NA,2,3.16148597727273,3725,2,388.908729652601,3.25757575757576,,,
Benthic Carnivores VI Crustaceans II,Benthic Carnivores VI Crustaceans II,174,0,NA,NA,NA,NA,NA,0,NA,NA,NA,NA,NA,5,3.352159739,12,1,NA,2.28101265822785,0,NA,NA,NA,NA,NA,,new,extinct
Nektonic Carnivores III Fast Predatory Fish(4),Nektonic Carnivores III Fast Predatory Fish,175,0,NA,NA,NA,NA,NA,0,NA,NA,NA,NA,NA,2,3.638544083,530.21,2,0,3.37341772151899,0,NA,NA,NA,NA,NA,,new,extinct
Nektobenthic Carnivores VIII Durophagous Rays,Nektobenthic Carnivores VIII Durophagous Rays,176,0,NA,NA,NA,NA,NA,0,NA,NA,NA,NA,NA,1,3.258096457,NA,NA,NA,2.60759493670886,0,NA,NA,NA,NA,NA,,new,extinct
Nektobenthic Carnivores IX Predatory Sharks/Rays,Nektobenthic Carnivores IX Predatory Sharks/Rays,177,0,NA,NA,NA,NA,NA,0,NA,NA,NA,NA,NA,8,3.627429008,400,2,0,3.26582278481013,0,NA,NA,NA,NA,NA,,new,extinct
Marine Reptiles V Filter Feeding Reptiles (2),Marine Reptiles V Filter Feeding Reptiles,178,0,NA,NA,NA,NA,NA,1,2.30057621,1000,1,NA,NA,0,NA,NA,NA,NA,NA,0,NA,NA,NA,NA,NA,new,extinct,
Nektobenthic Carnivores III Nautiloids(3),Nektobenthic Carnivores III Nautiloids,179,0,NA,NA,NA,NA,NA,2,3.183906317,3,2,0,NA,0,NA,NA,NA,NA,NA,0,NA,NA,NA,NA,NA,new,extinct,
Suspension Feeders XI Boring Bivalves(3),Suspension Feeders XI Boring Bivalves,180,0,NA,NA,NA,NA,NA,0,NA,NA,NA,NA,NA,0,NA,NA,NA,NA,NA,1,2,57,1,NA,1,,,new
Suspension Feeders XI Boring Bivalves(9),Suspension Feeders XI Boring Bivalves,181,0,NA,NA,NA,NA,NA,0,NA,NA,NA,NA,NA,0,NA,NA,NA,NA,NA,1,2.11367426464646,167,1,NA,1.19191919191919,,,new
Suspension Feeders VII Epibiont SemiInfaunal(7),Suspension Feeders VII Epibiont SemiInfaunal,182,0,NA,NA,NA,NA,NA,2,2.161606073,7,2,0,NA,0,NA,NA,NA,NA,NA,0,,NA,NA,NA,NA,new,extinct,
Benthic Carnivores VII Drilling Gastropods(2),Benthic Carnivores VII Drilling Gastropods,183,0,NA,NA,NA,NA,NA,1,2.949380636,2,1,NA,NA,0,NA,NA,NA,NA,NA,0,,NA,NA,NA,NA,new,extinct,
Benthic Carnivores VII Drilling Gastropods(4),Benthic Carnivores VII Drilling Gastropods,184,0,NA,NA,NA,NA,NA,2,2.994036913,4,2,0,NA,0,NA,NA,NA,NA,NA,0,NA,NA,NA,NA,NA,new,extinct,
Benthic Carnivores III Epifaunal Gastropods(11),Benthic Carnivores III Epifaunal Gastropods,185,4,3.065952301,220.4,4,0,2.7,2,2.981201172,11,2,0,NA,0,NA,NA,NA,NA,NA,0,NA,NA,NA,NA,NA,persist,extinct,
Detritivores/Suspension Feeders VI Holothuroids,Detritivores/Suspension Feeders VI Holothuroids,186,0,NA,NA,NA,NA,NA,2,2.207647324,NA,NA,NA,NA,0,NA,NA,NA,NA,NA,0,NA,NA,NA,NA,NA,new,extinct,
Suspension Feeders XII Tunicates,Suspension Feeders XII Tunicates,187,0,NA,NA,NA,NA,NA,5,2.154563427,NA,NA,NA,NA,0,NA,NA,NA,NA,NA,0,NA,NA,NA,NA,NA,new,extinct,
Suction Feeders I Fish (1),Suction Feeders I Fish,188,0,NA,NA,NA,NA,NA,1,3.160670757,37,1,NA,NA,0,NA,NA,NA,NA,NA,0,NA,NA,NA,NA,NA,new,extinct,
Nektobenthic Carnivores IV Slow Predatory Fish(1),Nektobenthic Carnivores IV Slow Predatory Fish,189,0,NA,NA,NA,NA,NA,1,3.389920473,112,1,NA,NA,0,NA,NA,NA,NA,NA,0,NA,NA,NA,NA,NA,new,extinct,
